"0","top_40
"
"1"," [1]"
"1"," ""OCHA""                       "
"1"," ""OHCHR""                      "
"1"," ""IAEA""                       "
"1","
"
"1"," [4]"
"1"," ""UNICEF""                     "
"1"," ""UNHCR""                      "
"1"," ""ECHO""                       "
"1","
"
"1"," [7]"
"1"," ""IOM""                        "
"1"," ""WHO""                        "
"1"," ""OSCE""                       "
"1","
"
"1","[10]"
"1"," ""USAID""                      "
"1"," ""Ukrainian Red Cross Society"""
"1"," ""ACLED""                      "
"1","
"
"1","[13]"
"1"," ""ICRC""                       "
"1"," ""MSF""                        "
"1"," ""UNDP""                       "
"1","
"
"1","[16]"
"1"," ""WFP""                        "
"1"," ""Protection Cluster""         "
"1"," ""Logistics Cluster""          "
"1","
"
"1","[19]"
"1"," ""EC""                         "
"1"," ""HRW""                        "
"1"," ""UN SG""                      "
"1","
"
"1","[22]"
"1"," ""REACH""                      "
"1"," ""Save the Children""          "
"1"," ""Direct Relief""              "
"1","
"
"1","[25]"
"1"," ""UN SC""                      "
"1"," ""Amnesty""                    "
"1"," ""FAO""                        "
"1","
"
"1","[28]"
"1"," ""ACTED""                      "
"1"," ""UN HRC""                     "
"1"," ""UNFPA""                      "
"1","
"
"1","[31]"
"1"," ""PIN""                        "
"1"," ""UN News""                    "
"1"," ""DRC""                        "
"1","
"
"1","[34]"
"1"," ""IMC""                        "
"1"," ""IRC""                        "
"1"," ""World Vision""               "
"1","
"
